2025-12-07_11-19-49,100,draft.py:2025-12-07_11-19-49
2025-12-07_11-19-50,100,draft.py:2025-12-07_11-19-49
2025-12-07_11-20-01,100,draft.py:2025-12-07_11-19-49
2025-12-07_15-01-12,100,draft.py:2025-12-07_11-19-49
2025-12-07_15-12-39,100,draft.py:2025-12-07_15-12-39
2025-12-07_15-31-20,100,draft.py:2025-12-07_15-12-39
2025-12-07_15-42-53,0,draft.py:2025-12-07_15-42-53
2025-12-09_15-40-58,0,draft.py:2025-12-09_15-40-58
2025-12-09_15-44-47,0,draft.py:2025-12-09_15-40-58
2025-12-09_16-04-48,0,draft.py:2025-12-09_16-04-48
2025-12-09_16-10-59,0,draft.py:2025-12-09_16-10-59
2025-12-09_16-15-21,0,draft.py:2025-12-09_16-15-21
2025-12-09_16-20-12,0,draft.py:2025-12-09_16-20-12
2025-12-09_16-29-25,0,draft.py:2025-12-09_16-29-25
2025-12-09_20-29-53,0,draft.py:2025-12-09_20-29-53
2025-12-09_20-48-30,0,draft.py:2025-12-09_20-48-30
2025-12-09_21-18-57,100,draft.py:2025-12-09_21-18-57
2025-12-09_21-36-59,100,draft.py:2025-12-09_21-36-59
2025-12-09_21-38-45,0,draft.py:2025-12-09_21-38-45
2025-12-09_21-39-29,0,draft.py:2025-12-09_21-39-29
2025-12-09_21-42-45,0,draft.py:2025-12-09_21-42-45
2025-12-09_21-44-06,0,draft.py:2025-12-09_21-44-06
2025-12-09_21-47-04,0,draft.py:2025-12-09_21-47-04
2025-12-09_21-47-59,0,draft.py:2025-12-09_21-47-59
2025-12-09_21-49-35,0,draft.py:2025-12-09_21-49-35
2025-12-09_21-49-36,0,draft.py:2025-12-09_21-49-35
2025-12-09_21-50-12,0,draft.py:2025-12-09_21-50-12
2025-12-09_21-51-02,0,draft.py:2025-12-09_21-51-02
2025-12-09_21-51-06,0,draft.py:2025-12-09_21-51-02
2025-12-09_21-52-16,0,draft.py:2025-12-09_21-52-16
2025-12-09_21-53-30,0,draft.py:2025-12-09_21-53-30
