2025-12-07_11-19-58,0,draft.py:2025-12-07_11-19-58
2025-12-11_19-54-55,0,draft.py:2025-12-07_11-19-58
2025-12-11_20-18-16,0,draft.py:2025-12-07_11-19-58
2025-12-12_09-27-41,0,draft.py:2025-12-07_11-19-58
2025-12-12_09-38-57,0,draft.py:2025-12-12_09-38-57
2025-12-12_10-01-59,0,draft.py:2025-12-12_10-01-59
2025-12-12_10-02-00,0,draft.py:2025-12-12_10-01-59
2025-12-12_10-02-08,0,draft.py:2025-12-12_10-02-08
2025-12-12_10-02-09,0,draft.py:2025-12-12_10-02-08
2025-12-12_10-35-55,0,draft.py:2025-12-12_10-35-55
2025-12-13_20-31-15,0,draft.py:2025-12-12_10-35-55
2025-12-13_20-35-15,0,draft.py:2025-12-12_10-35-55
2025-12-13_20-48-36,0,draft.py:2025-12-13_20-48-36
2025-12-13_21-03-12,0,draft.py:2025-12-13_21-03-12
2025-12-13_22-00-35,0,draft.py:2025-12-13_22-00-35
2025-12-13_22-09-08,0,draft.py:2025-12-13_22-00-35
2025-12-13_22-15-54,0,draft.py:2025-12-13_22-15-54
2025-12-13_22-16-20,0,draft.py:2025-12-13_22-15-54
2025-12-13_22-18-31,0,draft.py:2025-12-13_22-18-31
2025-12-13_22-18-32,0,draft.py:2025-12-13_22-18-31
2025-12-13_22-20-13,0,draft.py:2025-12-13_22-20-13
2025-12-13_22-20-14,0,draft.py:2025-12-13_22-20-14
2025-12-13_22-20-44,0,draft.py:2025-12-13_22-20-44
2025-12-13_22-21-57,0,draft.py:2025-12-13_22-21-57
2025-12-13_22-21-58,0,draft.py:2025-12-13_22-21-57
2025-12-13_23-11-09,0,draft.py:2025-12-13_22-21-57
2025-12-13_23-12-38,0,draft.py:2025-12-13_22-21-57
2025-12-13_23-13-43,0,draft.py:2025-12-13_23-13-43
